Feature,Importance
torque_nm,0.31400694093199744
rotational_speed_rpm,0.2899410184340418
tool_wear_min,0.2089410282062214
air_temperature_k,0.09993261896611949
process_temperature_k,0.07071246863623747
type_l,0.009316080508681877
type_m,0.007149844316700702
